age,gender,height,weight,income,education,occupation,marital_status,robot_experience
0.07076923076923076,0.0,0.5415384615384615,1.0,0.0,0.003076923076923077,0.003076923076923077,0.012307692307692308,0.0
