{"mean": [12.8021012023705, -0.29866393253501744, 4.1400694186640505, 0.016800611277183027, -0.0014696677240366811, -0.005594953398653306, 0.43898911137932684, 1.9950203650900713], "std": [5.0843521179680895, 0.8591090482519719, 2.24052727768762, 0.03756632314394311, 0.00759883153929315, 0.044615804323238764, 0.15894445363565243, 1.0018024308544535]}