{"mean": [9.906675473165325, 1.0712719747852688, 5.181152898826809, 0.006700338307088405, 0.0031248341251426167, -0.004929134584527285, 0.4259638752915723, 2.0036176913637394], "std": [2.97662409528538, 0.6504618842291383, 2.7807801260244807, 0.024599871979482817, 0.007246451003360236, 0.047446677610176416, 0.1493996677796852, 0.8894654775473799]}