{"mean": [3.314329232725315, 1.2062283525749595, 6.255774414135806, -0.0036391922432598076, 0.0014045476857342076, 0.002162025829344579, 0.2916741710692695, 1.5089805613079361], "std": [2.134314872881927, 0.6985739209756631, 2.012999748515045, 0.032276201920922606, 0.007968746091184677, 0.042638143748421245, 0.10671015717031988, 0.4427644051948362]}