{"mean": [2.7056837654395705, -4.108362472170956, 4.99642864657462, 0.005870998993604436, -0.00567762328181082, 0.0018781311875849264, 0.41460132299310387, 2.0693748098633598], "std": [2.3454984857009857, 1.6636846906394587, 2.440543281058108, 0.026830529489553837, 0.008779890170340063, 0.04538267130554864, 0.14337930129067564, 0.7969500402429901]}