{"mean": [-4.927090163532245, 0.7172421059353353, 6.711370052550679, -0.0009327190466201856, 0.0015998046276662866, 0.001293899557169803, 0.2631548378999394, 1.1306227968210045], "std": [3.1701307052956573, 0.5703003973592184, 2.262092626447797, 0.0329766453991281, 0.009170476910332098, 0.04280076597864195, 0.12228878036318305, 0.6069744726417966]}