{"mean": [5.783377374547977, 1.1576489993672607, 5.640905738491997, -0.007620525702855401, -0.0008227250971740556, -0.002175850640417382, 0.30723107897658597, 1.0307409700786916], "std": [4.201501875685167, 0.8045308216916512, 2.625307014363284, 0.03118369301259367, 0.005886012124416282, 0.039397388746898805, 0.15370467349018427, 0.7330238816189605]}