{"mean": [0.31399770829471313, 0.6982449081177893, 5.779474108541234, -0.006646897033737657, -0.00029065373712301956, 0.004921185155209003, 0.3677657682634191, 2.303295170974948], "std": [1.537393156722976, 0.9941216374418478, 2.160446863138198, 0.02805895147583195, 0.008838281496892473, 0.045472907515332346, 0.14024697982395248, 0.3569121636767617]}