{"mean": [4.070218813594071, 2.3913173476465186, 6.829476316481085, 0.00689490431264075, 0.002772904246940481, -0.0038298070330650856, 0.21350596962786692, 0.978144203904578], "std": [2.340934022658224, 1.1304869658723877, 2.312468671538911, 0.030243525180579028, 0.01165731988275576, 0.04436364736538123, 0.12293013536680084, 0.5552409161626521]}