{"mean": [6.519031431685902, -0.5584586599898534, 6.247185157906164, 0.0078563917141529, -0.002792608485528859, -0.0015670405697202723, 0.298900827386331, 1.356492771830696], "std": [2.9074500826805356, 1.3833744595452455, 2.21965906823385, 0.031835811228853476, 0.0062697208855660045, 0.04409414854872772, 0.13416200468731626, 0.9380566057780081]}