{"mean": [3.759083255905678, 0.44930707009921333, 8.46670387976366, 0.007430207599743115, -0.0011794556248463299, 0.006915129122696081, 0.1720662883060839, 1.1843423754743763], "std": [3.599898470652493, 0.9026782299078985, 1.2911660375615495, 0.03293900774794858, 0.008407800899823056, 0.04373607935154617, 0.10875720394157955, 0.1604653522905441]}