{
    "mean": [
        3.1101767270538954,
        0.7775441817634738,
        6.05,
        0.010367255756846282,
        -7.401486830834377e-19,
        5.921189464667502e-18,
        0.4058711376469414,
        2.0590754682375025
    ],
    "std": [
        1.8137086719986437,
        0.4534271679996609,
        2.8866070047722117,
        0.5711749811874578,
        0.015629226114141404,
        0.09949874371066196,
        0.14142884826278468,
        0.8295773326539886
    ]
}