{"mean": [6.6867382517108584, -0.9772976717723988, 7.531633066323889, 0.006760681938802847, -0.0037769111683414653, 0.0031346359403515624, 0.15056733801151706, 0.5525742370483708], "std": [2.433425592575358, 1.3483304251283141, 1.4301024646978726, 0.03391489741423178, 0.006374523722677499, 0.04641185343628135, 0.04757281338824323, 0.16350990025781612]}