{"mean": [-1.113567814424226, 0.17430057210701871, 5.1318084305391585, -0.014780381749470231, 0.0005639984846973785, 0.004116639261463025, 0.47069734522449586, 2.5245797032653865], "std": [4.96521134767407, 0.5535946176251488, 2.6275514970029024, 0.04025107299018186, 0.007774962041165942, 0.045071996862090166, 0.13294026688357832, 0.08475235490341232]}